video_name,num_frames,class_index
Falls/fall_fall-19,29.0,1
Falls/fall_fall-21,29.0,1
Falls/fall_fall-16,29.0,1
Falls/fall_fall-09,29.0,1
Falls/fall_fall-29,29.0,1
Falls/fall_fall-05,29.0,1
Falls/fall_fall-17,29.0,1
Falls/fall_fall-13,29.0,1
Falls/fall_fall-10,29.0,1
Falls/fall_fall-26,29.0,1
Falls/fall_fall-08,29.0,1
Falls/fall_fall-04,29.0,1
Falls/fall_fall-23,29.0,1
Falls/fall_fall-14,29.0,1
Falls/fall_fall-25,29.0,1
Falls/fall_fall-01,29.0,1
Falls/fall_fall-12,29.0,1
Falls/fall_fall-18,29.0,1
Falls/fall_fall-11,29.0,1
Falls/fall_fall-20,29.0,1
Falls/fall_fall-27,29.0,1
Falls/fall_fall-03,29.0,1
Falls/fall_fall-30,29.0,1
Falls/fall_fall-28,29.0,1
NotFalls/notfall_fall-18_pre,14.0,2
NotFalls/notfall_fall-02_pre,38.0,2
NotFalls/notfall_adl-32,199.0,2
NotFalls/notfall_fall-05_pre,77.0,2
NotFalls/notfall_fall-29_pre,47.0,2
NotFalls/notfall_fall-09_pre,119.0,2
NotFalls/notfall_fall-21_pre,19.0,2
NotFalls/notfall_fall-20_post,62.0,2
NotFalls/notfall_fall-07_pre,83.0,2
NotFalls/notfall_fall-13_post,11.0,2
NotFalls/notfall_adl-16,239.0,2
NotFalls/notfall_fall-27_post,11.0,2
NotFalls/notfall_fall-26_post,18.0,2
NotFalls/notfall_adl-14,234.0,2
NotFalls/notfall_fall-24_pre,10.0,2
NotFalls/notfall_adl-10,299.0,2
NotFalls/notfall_adl-21,279.0,2
NotFalls/notfall_fall-11_post,51.0,2
NotFalls/notfall_fall-19_pre,23.0,2
NotFalls/notfall_adl-17,229.0,2
NotFalls/notfall_adl-03,179.0,2
NotFalls/notfall_adl-26,94.0,2
NotFalls/notfall_fall-15_pre,26.0,2
NotFalls/notfall_adl-30,399.0,2
NotFalls/notfall_fall-14_post,15.0,2
NotFalls/notfall_adl-22,239.0,2
NotFalls/notfall_fall-19_post,45.0,2
NotFalls/notfall_adl-31,249.0,2
NotFalls/notfall_adl-25,109.0,2
NotFalls/notfall_fall-22_post,22.0,2
NotFalls/notfall_fall-02_post,40.0,2
NotFalls/notfall_fall-12_pre,23.0,2
NotFalls/notfall_fall-04_post,52.0,2
NotFalls/notfall_adl-29,124.0,2
NotFalls/notfall_adl-01,149.0,2
NotFalls/notfall_adl-23,219.0,2
NotFalls/notfall_fall-30_post,15.0,2
NotFalls/notfall_adl-12,249.0,2
NotFalls/notfall_adl-09,149.0,2
NotFalls/notfall_fall-18_post,19.0,2
NotFalls/notfall_fall-14_pre,14.0,2
NotFalls/notfall_fall-23_pre,25.0,2
NotFalls/notfall_fall-03_pre,146.0,2
NotFalls/notfall_adl-37,349.0,2
NotFalls/notfall_fall-27_pre,49.0,2
NotFalls/notfall_adl-07,179.0,2
NotFalls/notfall_adl-11,299.0,2
NotFalls/notfall_fall-03_post,37.0,2
NotFalls/notfall_fall-04_pre,12.0,2
NotFalls/notfall_adl-33,199.0,2
NotFalls/notfall_fall-01_post,47.0,2
NotFalls/notfall_fall-25_pre,43.0,2
NotFalls/notfall_adl-28,84.0,2
NotFalls/notfall_adl-13,264.0,2
NotFalls/notfall_fall-09_post,34.0,2
NotFalls/notfall_fall-28_pre,25.0,2
NotFalls/notfall_adl-06,229.0,2
NotFalls/notfall_fall-16_pre,15.0,2
NotFalls/notfall_fall-10_pre,38.0,2
NotFalls/notfall_adl-05,179.0,2
NotFalls/notfall_fall-08_post,31.0,2
NotFalls/notfall_fall-23_post,18.0,2
NotFalls/notfall_adl-15,274.0,2
NotFalls/notfall_fall-07_post,41.0,2
NotFalls/notfall_fall-13_pre,42.0,2
NotFalls/notfall_adl-08,179.0,2
NotFalls/notfall_fall-30_pre,23.0,2
NotFalls/notfall_fall-26_pre,11.0,2
NotFalls/notfall_fall-15_post,13.0,2
NotFalls/notfall_adl-18,264.0,2
NotFalls/notfall_adl-19,249.0,2
NotFalls/notfall_adl-34,190.0,2
NotFalls/notfall_fall-05_post,42.0,2
NotFalls/notfall_adl-40,329.0,2
